0,1746867.64291716,0.3879424811,17,28,0.6481444386,0.8366894596,324.0722192909,418.3447298208
1,1746869.4588057,0.4040485721,71,83,0.3851541549,0.4346911278,192.5770774423,217.345563886
2,1746870.078904,0.4200302809,90,102,0.6654606407,0.5339989501,332.7303203263,266.999475033
3,1746870.91884087,0.2720232909,115,123,0.4655171573,0.646381404,232.7585786397,323.1907019905
4,1746871.52693941,0.5198884741,133,149,0.6731542455,0.6267199563,336.5771227523,313.3599781441
5,1746872.06293273,0.2519197729,150,157,0.591173134,0.6436207767,295.5865669752,321.8103883354
6,1746872.88687489,0.419977909,174,187,0.662708128,0.3486398246,331.3540640147,174.3199122862
7,1746873.62693139,0.31592201,197,206,0.6510618701,0.4120326438,325.530935075,206.0163219223
8,1746873.99490955,0.352001932,208,213,0.5028397412,0.4306758723,251.4198706167,215.3379361644
9,1746874.6668982,0.4879826549,223,238,0.4652661972,0.3945499551,232.6330986032,197.2749775259
10,1746875.17084278,1.2920456091,238,277,0.5108650241,0.3815084341,255.432512033,190.7542170257
11,1746876.48292081,0.7039892059,278,299,0.5784589064,0.4140834488,289.2294531897,207.04172442
12,1746877.40685224,0.252033477,305,313,0.4006569921,0.378702124,200.3284960589,189.351062014
13,1746877.85888886,0.2519864629,319,326,0.2992592857,0.65596385,149.6296428454,327.9819249829
14,1746878.37891784,0.287922777,335,343,0.5010077698,0.6443070347,250.5038848971,322.1535173618
15,1746878.69886633,0.3520790141,344,355,0.6405528085,0.734356324,320.2764042667,367.178161985
16,1746879.37085262,0.30404335,364,374,0.4629272719,0.711828514,231.4636359562,355.9142570041
17,1746879.97492172,0.3519336372,383,393,0.5566190349,0.5877056154,278.3095174728,293.8528077114
18,1746880.95089519,0.251965991,412,420,0.6085694201,0.5763284656,304.2847100284,288.1642327791
19,1746881.30289637,0.6879475669,423,443,0.6544313391,0.7694538567,327.2156695376,384.7269283426
20,1746882.00691588,0.319948944,444,453,0.619693234,0.762607109,309.8466169832,381.303554476
21,1746882.34289215,0.272018814,454,462,0.5471823414,0.731549937,273.5911706958,365.7749685132
22,1746882.83086177,0.304036947,468,478,0.4645616045,0.7622923572,232.2808022476,381.1461786107
23,1746883.16685463,0.4720212279,479,493,0.5846874473,0.8276967772,292.3437236415,413.8483885948
24,1746883.6548591,0.3200259791,493,503,0.5348415944,0.7892688948,267.4207971831,394.6344474236
25,1746883.99084823,0.3879969041,503,515,0.5094296948,0.7393588839,254.7148474144,369.6794419686
26,1746884.41091879,0.452004968,516,530,0.4457779464,0.7384993145,222.8889732063,369.2496572629
27,1746885.09891838,0.3519702991,537,547,0.4205949013,0.7571167359,210.2974506662,378.5583679388
28,1746885.50291357,0.35197067,549,559,0.370856098,0.7107299101,185.4280490099,355.3649550356
29,1746886.37484014,1.1280473019,575,609,0.6981495223,0.7138243384,349.0747611593,356.9121692054
30,1746887.51893139,0.6879209981,610,630,0.6643820335,0.7506013513,332.1910167471,375.3006756648
31,1746888.44289798,0.8400011989,637,663,0.5635637295,0.7518584866,281.7818647333,375.9292433067
32,1746889.29885246,0.8080393472,663,687,0.5638716566,0.7313761275,281.9358282981,365.688063759
33,1746891.18290543,0.3519597079,720,730,0.3433108051,0.7384259354,171.6554025406,369.21296771
34,1746892.27491523,0.267968439,753,761,0.6788734564,0.6817583088,339.4367281844,340.8791543973
35,1746893.03086873,0.3840519139,775,787,0.4882541417,0.6864841731,244.1270708361,343.2420865311
36,1746893.95484425,0.484042563,803,818,0.593157887,0.7018947624,296.5789434861,350.9473811879
37,1746894.45885884,0.316157372,818,828,0.5316264613,0.7146019939,265.8132306699,357.3009969356
38,1746894.79491857,0.2519920829,828,836,0.498613032,0.7103840577,249.3065160147,355.1920288486
39,1746895.06286204,0.9720274401,836,866,0.4241152877,0.6980329006,212.0576438665,349.0164503063
40,1746896.05484684,0.6880597221,866,887,0.3678030158,0.7003399985,183.9015079023,350.1699992539
41,1746896.7588995,0.471989668,887,902,0.317960694,0.691064961,158.9803470046,345.5324805038
42,1746897.58285721,0.9400761831,912,941,0.6894393477,0.6385317418,344.7196738491,319.2658708824
43,1746898.53891182,0.35198935,941,952,0.6345079522,0.6701908703,317.2539761123,335.0954351539
44,1746899.12690376,0.251975738,959,966,0.5463566234,0.6501099766,273.1783117123,325.0549882805
45,1746899.78292017,0.6199373009,978,997,0.4192980518,0.6517577534,209.6490258966,325.8788766889
46,1746900.99085449,0.624038958,1015,1034,0.6885466213,0.6015284643,344.2733106269,300.764232128
47,1746901.88291938,0.655924448,1042,1061,0.6081690497,0.6002788953,304.0845248437,300.1394476719
48,1746902.55488059,0.536012796,1062,1078,0.5566107213,0.6332028638,278.3053606438,316.6014318935
49,1746903.11088843,0.4199629561,1079,1091,0.4915399855,0.6085755505,245.7699927614,304.2877752274
50,1746903.54692738,0.4359947559,1092,1105,0.4305715615,0.6001064409,215.2857807399,300.0532204542
51,1746903.99889112,0.623947266,1105,1123,0.3672655294,0.6306417595,183.632764693,315.3208797319
52,1746904.87489197,0.5040219021,1131,1146,0.2816881391,0.612334104,140.8440695597,306.1670519895
53,1746905.8468846,0.4200413381,1160,1173,0.467979428,0.6040804614,233.9897139841,302.040230706
54,1746906.48684594,0.3520646822,1179,1190,0.3392058079,0.6128486081,169.6029039438,306.4243040367
55,1746907.10690182,0.3720010361,1198,1209,0.6491960491,0.5970993754,324.5980245396,298.5496876957
56,1746907.74684422,0.2840670759,1217,1226,0.687763323,0.5683629871,343.8816614754,284.1814935494
57,1746908.55084544,0.388069662,1241,1253,0.4823787315,0.5504212893,241.1893657587,275.210644666
58,1746909.13891351,0.3559744309,1259,1270,0.4722248481,0.5623015883,236.1124240293,281.1507941633
59,1746909.81084533,0.404034754,1279,1291,0.4815502372,0.5612269262,240.7751186002,280.6134631201
60,1746910.41894029,1.2919398819,1297,1336,0.3559827943,0.5756334005,177.9913971445,287.8167002674
61,1746912.18293188,0.535977036,1350,1367,0.6745417219,0.5283225443,337.2708609685,264.1612721317
62,1746912.81889653,0.3519550681,1370,1380,0.2647302821,0.5652931378,132.3651410416,282.6465688838
63,1746913.8109414,0.2519021949,1399,1407,0.56105312,0.5138420236,280.5265599784,256.9210118169
64,1746914.0789241,0.3519269628,1408,1418,0.5343363203,0.5258617371,267.16816015,262.9308685299
65,1746914.6828902,1.6479365139,1426,1475,0.6636868668,0.5383048662,331.8434333992,269.1524331162
66,1746916.34689548,0.5880362422,1476,1493,0.6147629209,0.5205878255,307.3814604703,260.2939127264
67,1746917.13888915,0.5879714231,1500,1517,0.5344317678,0.5117330712,267.215883922,255.8665356047
68,1746917.8948658,0.2680240271,1522,1530,0.4470204029,0.5120198568,223.5102014569,256.0099284027
69,1746918.65084725,0.352033945,1545,1556,0.3919101931,0.4825981162,195.9550965561,241.2990581175
70,1746919.086837,0.4360153028,1558,1571,0.3076914782,0.4709288621,153.8457390778,235.464431033
71,1746920.19492774,0.436021253,1592,1605,0.6582862303,0.4468284341,329.1431151375,223.4142170333
72,1746921.10290599,0.5359958021,1619,1635,0.6573278289,0.4436682424,328.663914446,221.8341212175
73,1746921.92691608,0.2679969659,1644,1652,0.3430567921,0.4792545083,171.5283960585,239.6272541508
74,1746922.21086038,0.2840410289,1652,1661,0.3176056904,0.4786004322,158.8028452151,239.3002161058
75,1746922.51484808,0.4360946419,1661,1674,0.3608454605,0.5363324356,180.4227302643,268.1662178248
76,1746922.9668985,0.3879918861,1675,1687,0.2754522976,0.5039580029,137.726148806,251.9790014301
77,1746923.41887205,0.6559903699,1688,1708,0.6412350423,0.4437121971,320.6175211278,221.8560985301
78,1746924.11084663,0.552056286,1709,1726,0.5547024646,0.4565891154,277.3512322786,228.2945577038
79,1746924.67894474,0.3559095401,1726,1737,0.5048539035,0.4645754268,252.4269517271,232.2877134223
80,1746925.08289554,0.97597952,1739,1768,0.4196065713,0.4477099222,209.8032856478,223.8549611184
81,1746926.07492078,0.3879235878,1768,1780,0.335628109,0.4520151954,167.8140545001,226.0075976778
82,1746926.73084518,0.468034216,1788,1802,0.6654356132,0.4320989233,332.7178065972,216.049461653
83,1746927.21890065,0.2839489721,1803,1811,0.6168062819,0.4125917885,308.4031409305,206.2958942394
84,1746928.0228982,0.7239877051,1827,1849,0.4216428774,0.4105804995,210.8214386931,205.2902497281
85,1746928.76285043,0.2840946489,1849,1858,0.3668804212,0.4036599966,183.4402105948,201.8299982994
86,1746929.28289461,0.388024284,1865,1877,0.3642266619,0.399477258,182.1133309512,199.7386290229
87,1746929.68684405,0.5040089078,1877,1892,0.3092944549,0.4058002992,154.6472274616,202.9001496032
88,1746930.20691617,0.335976759,1893,1903,0.2714328103,0.3985056542,135.7164051484,199.2528271235
89,1746930.59484129,0.4040723308,1904,1917,0.6423461325,0.3428729952,321.1730662606,171.4364976041
90,1746931.03092599,0.267969291,1917,1926,0.5178255529,0.3250915624,258.9127764677,162.5457811937
91,1746931.33488862,1.140026073,1927,1961,0.2755818398,0.3750555106,137.7909198857,187.5277553134
92,1746933.45091911,0.2679653729,1990,1998,0.6547891893,0.3436931124,327.3945946291,171.8465561779
93,1746933.77089008,0.888019247,2000,2027,0.537100226,0.3452985916,268.5501130007,172.6492958087
94,1746934.82688412,0.3200013652,2032,2041,0.4530628716,0.3229689461,226.531435777,161.4844730299
95,1746935.16294597,0.4719426399,2042,2056,0.3756848588,0.3461954316,187.8424293751,173.0977157787
96,1746935.68286723,0.404056353,2057,2070,0.3017481722,0.3309682363,150.8740861232,165.4841181317
97,1746936.10295316,1.1119624828,2070,2104,0.280963908,0.283703218,140.4819540007,141.8516089766
98,1746937.49884472,0.3679992661,2112,2123,0.6432973337,0.349088472,321.6486668612,174.544235975
99,1746938.10284927,0.3360560241,2130,2140,0.6008823697,0.3007681465,300.4411848712,150.384073257
100,1746938.7268976,0.6039711779,2149,2167,0.5027770428,0.323108258,251.3885213763,161.5541290013
101,1746939.34688393,0.4199809181,2168,2180,0.4581074066,0.3535256471,229.0537033208,176.762823528
102,1746939.98689986,0.335991082,2187,2197,0.3014273636,0.3908569155,150.713681789,195.4284577312
103,1746940.57489689,0.3000850489,2205,2214,0.3497247975,0.5034368849,174.8623987332,251.7184424694
104,1746940.89083679,0.356083462,2214,2225,0.3675136865,0.5787527721,183.7568432321,289.3763860741
105,1746941.2628267,0.43609555,2225,2238,0.3347528219,0.6707538337,167.3764109551,335.3769168431
106,1746941.71492136,0.488008294,2239,2254,0.2946882084,0.7111565127,147.3441041962,355.5782563416
107,1746942.25484121,0.5880552458,2255,2273,0.6173233037,0.7055949333,308.6616518439,352.797466639
108,1746942.85885428,0.3360767642,2273,2283,0.579281436,0.7226076614,289.6407180223,361.3038307128
109,1746943.21095008,1.327973529,2284,2324,0.5283214035,0.7552906262,264.1607017323,377.6453131021
110,1746944.55483936,0.2520492722,2324,2332,0.4985010323,0.7501646186,249.2505161692,375.0823093094
111,1746944.82292315,0.3040040769,2332,2342,0.4692467831,0.7531805225,234.6233915681,376.5902612607
112,1746945.14288882,0.487991405,2342,2357,0.4207431989,0.7574897869,210.3715994661,378.7448934661
113,1746945.64683423,0.504008672,2357,2372,0.3970974895,0.7569289861,198.5487447366,378.4644930514
114,1746946.16688112,0.456029179,2373,2387,0.3360880412,0.7351861866,168.0440205812,367.5930933055
115,1746946.63889509,0.7879950579,2387,2411,0.299081343,0.7662371177,149.5406715241,383.1185588473
116,1746947.49492272,0.251922627,2413,2420,0.6470978229,0.6905887547,323.5489114566,345.2943773595
117,1746947.76291464,0.3520112331,2421,2431,0.6804963208,0.6882932529,340.2481604154,344.1466264372
118,1746948.13483285,0.3000107959,2432,2441,0.6333336992,0.7529685049,316.6668495916,376.484252456
119,1746948.48691056,0.3359757841,2443,2453,0.590233936,0.7521294427,295.11696798,376.0647213256
120,1746948.83884667,0.2840492669,2453,2462,0.5676112519,0.7142924584,283.8056259467,357.146229215
121,1746949.14285221,0.2680878639,2462,2470,0.6102755663,0.7240079488,305.1377831611,362.0039744055
122,1746949.42688875,0.3680060289,2471,2482,0.5596286128,0.7445330079,279.8143063914,372.2665039486
123,1746950.01489718,0.4720027,2489,2503,0.4779216471,0.7212138462,238.9608235543,360.6069230804
124,1746950.78688739,0.520040693,2512,2527,0.3939416959,0.7332939876,196.9708479386,366.6469938182
125,1746951.32683776,0.5040131679,2528,2543,0.3348928017,0.7343966821,167.4464008681,367.1983410268
126,1746952.14691145,1.0600156558,2553,2585,0.6830427746,0.6726248034,341.5213872775,336.3124016905
127,1746953.22284662,0.4200699329,2585,2598,0.6515639082,0.7074190637,325.7819541172,353.7095318586
128,1746953.65886402,0.3560475481,2598,2609,0.6162752753,0.677632565,308.1376376596,338.8162825059
129,1746954.71884572,0.6880640648,2630,2651,0.545776541,0.7058133023,272.888270485,352.9066511674
130,1746955.42285628,1.1959954451,2651,2687,0.4848881533,0.6905656884,242.4440766437,345.2828441929
131,1746956.63490776,0.971989305,2688,2717,0.4463703662,0.6955477504,223.1851831116,347.7738752037
132,1746957.65895496,0.5719668809,2719,2736,0.366529714,0.6936103674,183.2648569963,346.8051837045
133,1746958.31484431,0.2840598151,2738,2747,0.300779078,0.6870076416,150.3895390089,343.5038208089
134,1746958.6828928,0.267990785,2749,2757,0.6632259901,0.650780785,331.6129950462,325.3903925185
135,1746958.97090237,0.703952871,2758,2779,0.6312573448,0.6517784485,315.6286723849,325.8892242729
136,1746960.06289303,0.2840289341,2791,2799,0.5149099,0.6585441991,257.4549499889,329.2720995356
137,1746960.36288702,0.2520402342,2800,2807,0.5685436062,0.6622996026,284.271803083,331.1498012799
138,1746960.63088468,0.75596972,2808,2831,0.4990763547,0.6641262221,249.5381773417,332.0631110313
139,1746961.40684919,0.9559857261,2831,2860,0.436785047,0.6513274852,218.392523502,325.6637426013
140,1746962.37889604,1.2600381211,2861,2898,0.3842607916,0.6595603887,192.1303957777,329.7801943453
141,1746963.65494177,0.9919551241,2899,2929,0.3231637526,0.6409445334,161.5818762911,320.4722666978
142,1746964.91495038,0.45596263,2937,2951,0.6572415859,0.5949058672,328.6207929692,297.4529335971
143,1746965.38690624,0.3679383621,2951,2962,0.6725382162,0.6224332138,336.2691080862,311.2166068868
144,1746965.77491837,1.091990663,2963,2996,0.6224909302,0.623237856,311.2454650914,311.6189279954
145,1746966.88284781,0.7720057799,2996,3019,0.5882100644,0.6090462694,294.1050322057,304.5231346972
146,1746967.67088966,0.9079425288,3020,3047,0.5033700397,0.6264421131,251.685019861,313.2210565613
147,1746969.08286594,0.388033997,3062,3074,0.3436696141,0.5959572266,171.8348070507,297.978613287
148,1746969.6709205,0.992042426,3080,3110,0.2736043557,0.6106270925,136.8021778377,305.3135462375
149,1746970.84688859,0.420014452,3115,3128,0.6607125816,0.6107109071,330.3562908206,305.3554535641
150,1746972.03883987,0.2881265779,3151,3160,0.6071508854,0.6131800478,303.575442687,306.5900238913
151,1746972.34286715,0.3680259201,3160,3171,0.6469195447,0.6225993269,323.4597723662,311.2996634437
152,1746972.72690827,0.25197704,3172,3179,0.660557803,0.6655686492,330.2789014961,332.7843246092
153,1746973.04692054,0.3040091549,3181,3191,0.6006880714,0.6650361528,300.3440356948,332.5180764111
154,1746973.36684653,0.3680076359,3191,3202,0.599865896,0.7321897751,299.932947982,366.0948875681
155,1746973.98692412,0.5560331021,3210,3226,0.4533627619,0.7289725549,226.6813809391,364.4862774343
156,1746974.55888142,0.539972468,3227,3243,0.4107471031,0.7608726509,205.3735515634,380.4363254371
157,1746975.11490846,0.3359952951,3244,3254,0.373101398,0.7778694484,186.5506990032,388.9347241885
158,1746975.46684127,1.0920070591,3254,3287,0.3209507299,0.7383026575,160.4753649333,369.1513287601
159,1746976.91095047,0.7239692581,3298,3319,0.661305582,0.7360929013,330.6527910084,368.0464506741
160,1746977.65091146,0.351983432,3320,3331,0.5695838015,0.7215325584,284.7919007649,360.7662792005
161,1746978.05485855,0.299988287,3332,3341,0.4812603163,0.7359475217,240.6301581499,367.9737608352
162,1746978.37491775,0.315943629,3342,3351,0.5472481242,0.7306490124,273.6240620897,365.3245062153
163,1746978.75884957,0.5720703111,3353,3371,0.4737972892,0.7058062297,236.8986445929,352.9031148668
164,1746979.98686588,0.4200264839,3390,3403,0.6336628809,0.7647333679,316.8314404424,382.3666839402
165,1746980.47489602,1.2399587361,3405,3442,0.4682887079,0.7287113583,234.1443539453,364.3556791446
166,1746981.73489507,0.704046753,3443,3464,0.4316216877,0.7377211745,215.8108438344,368.8605872729
167,1746982.45491957,0.419932391,3464,3477,0.3868646794,0.7366459628,193.4323396995,368.3229814052
168,1746982.89096043,0.6558946169,3478,3497,0.3379619627,0.7550973294,168.9809813707,377.5486646763
169,1746983.56290454,0.9240281892,3498,3526,0.2694412703,0.7587302663,134.7206351676,379.3651331545
170,1746984.5549227,0.3719885822,3528,3539,0.66310302,0.6991528342,331.5515099827,349.5764171031
171,1746984.99088948,0.5559781119,3541,3558,0.2560152293,0.7368376202,128.0076146693,368.4188101163
172,1746985.61491663,0.3839293511,3560,3571,0.6674599328,0.7029735587,333.7299664102,351.4867793497
173,1746986.01888698,0.4199639841,3572,3584,0.6695620297,0.713095635,334.7810148734,356.5478175215
174,1746986.45490899,0.383940181,3585,3596,0.611344003,0.703728435,305.6720015087,351.8642175126
175,1746986.85887997,0.33596549,3597,3607,0.5658665549,0.7214581354,282.9332774659,360.7290676916
176,1746987.21091276,0.7559516751,3608,3630,0.5118462161,0.7679841087,255.9231080626,383.9920543374
177,1746987.98289026,0.38801028,3631,3642,0.4578274098,0.7957371933,228.9137049043,397.868596632
178,1746988.43484946,0.3720463491,3644,3656,0.3906562438,0.8069452446,195.3281219064,403.4726222883
179,1746988.822837,0.436018897,3656,3669,0.4182296028,0.7856945291,209.114801414,392.8472645587
180,1746989.31088914,0.672025911,3671,3691,0.3274175713,0.7989455561,163.7087856338,399.4727780571
181,1746990.23487243,1.2239935498,3699,3735,0.6770220067,0.7781283748,338.5110033627,389.0641874109
182,1746991.4788951,1.0719660411,3736,3768,0.6356842911,0.7544013351,317.8421455349,377.2006675676
183,1746992.70290507,0.267975281,3773,3781,0.5472291394,0.760284121,273.6145697214,380.1420604988
184,1746993.24289387,0.5519924159,3789,3806,0.4749977833,0.7480171782,237.498891629,374.0085890877
185,1746993.81085147,0.3880404169,3806,3817,0.4329267296,0.7709371058,216.4633647771,385.4685528861
186,1746994.214889,0.288010984,3817,3826,0.4205677328,0.7747760724,210.2838663802,387.3880361802
187,1746994.51892295,0.5039893661,3826,3842,0.3914307541,0.7721725108,195.7153770687,386.086255401
188,1746995.12291238,0.4199409331,3845,3857,0.3407674563,0.7690884563,170.3837281553,384.5442281279
189,1746996.09891099,0.4000609668,3874,3886,0.6232764304,0.7246203325,311.6382152226,362.3101662398
190,1746996.97086001,1.108072124,3900,3934,0.5557791236,0.7222612085,277.8895618157,361.130604259
191,1746998.0949485,0.991934543,3934,3964,0.5096550106,0.7427828353,254.8275053177,371.3914176267
192,1746999.10289131,0.691947951,3964,3985,0.4468213512,0.6964856229,223.410675595,348.242811444
193,1747000.88688043,0.503963483,4018,4033,0.3397548581,0.7026146642,169.8774290682,351.3073321107
194,1747001.91091117,0.3359971121,4049,4059,0.6159967213,0.683854412,307.9983606577,341.9272059834
195,1747002.26286623,0.6559712091,4059,4079,0.645645445,0.6852695709,322.8227225167,342.634785447
196,1747003.03494656,0.9759435372,4083,4112,0.6222916322,0.7988563018,311.1458160916,399.4281509196
197,1747004.02692359,0.5879207749,4112,4130,0.573362972,0.7942302058,286.6814860157,397.1151028843
198,1747004.6309833,0.3878641368,4131,4142,0.5263799332,0.8065925963,263.1899665755,403.296298159
199,1747005.03490494,0.4200367411,4143,4155,0.4569364464,0.8066290699,228.4682232108,403.3145349673
200,1747005.47090382,0.45602164,4156,4170,0.4065396507,0.8015580861,203.2698253554,400.7790430525
201,1747005.94284925,1.476033855,4170,4214,0.3614231022,0.8108423171,180.7115510864,405.4211585644
202,1747007.43885668,0.2999828591,4215,4224,0.3260054539,0.8133893436,163.0027269663,406.694671787
203,1747007.87486237,0.488056612,4228,4243,0.6680877059,0.5144143967,334.0438529618,257.2071983514
204,1747009.6028438,0.5240580051,4280,4296,0.5557516662,0.7022963711,277.8758330965,351.1481855503
205,1747010.1429427,0.403951287,4296,4309,0.544821552,0.7476097215,272.4107760006,373.8048607436
206,1747010.57888691,0.7239672479,4310,4331,0.445248491,0.7672148897,222.6242455114,383.6074448317
207,1747011.31888979,0.2520326851,4332,4339,0.4021531837,0.7858917511,201.076591832,392.9458755604
208,1747011.58687734,0.571966165,4340,4357,0.3783106217,0.7922171061,189.1553108549,396.1085530432
209,1747012.17490745,0.283927131,4358,4366,0.3139245911,0.8153844986,156.9622955399,407.6922493151
210,1747012.52686671,0.335994371,4368,4378,0.6819594922,0.763225558,340.979746097,381.6127790216
211,1747012.91491392,0.2679682882,4380,4388,0.2829676044,0.786351625,141.4838021771,393.1758125248
212,1747013.23492737,0.41991367,4389,4402,0.6842641259,0.7404567751,342.1320629563,370.228387533
213,1747013.67091685,0.299977764,4403,4412,0.6176838419,0.7528764841,308.8419209724,376.4382420667
214,1747013.99085668,0.252022594,4412,4420,0.6760273044,0.7544108246,338.0136521886,377.2054123187
215,1747014.25887879,0.252081499,4420,4428,0.6256119676,0.7522819699,312.8059837943,376.1409849649
216,1747014.52687944,0.2520208419,4428,4436,0.577549974,0.7505407005,288.7749869967,375.2703502678
217,1747014.79484823,0.7920013769,4436,4460,0.5191870317,0.7470671582,259.5935158423,373.5335790785
218,1747015.60293627,0.4679578999,4461,4475,0.4836974084,0.7764568789,241.8487042006,388.2284394279
219,1747016.09084845,0.8559892599,4475,4501,0.4453550035,0.7750691694,222.6775017411,387.5345846871
220,1747016.96288422,0.5199625122,4502,4517,0.3839266575,0.7680252265,191.9633287286,384.0126132373
221,1747017.56689147,0.2519738891,4520,4527,0.4091394986,0.7636475758,204.5697493021,381.8237878949
222,1747017.83490975,0.4039944459,4528,4540,0.3808088724,0.7557446663,190.4044362129,377.8723331426
223,1747018.25494324,0.623908709,4540,4559,0.3307054376,0.755919547,165.3527187944,377.9597735088
224,1747018.97886114,0.6400703399,4562,4582,0.7035284485,0.7077472089,351.7642242501,353.8736044318
225,1747019.66688773,0.5879982901,4583,4601,0.6375946643,0.7264246828,318.7973321604,363.212341412
226,1747020.27084544,0.556049597,4601,4618,0.5975358922,0.7120656889,298.7679460802,356.032844429
227,1747020.84288986,0.6720260179,4618,4639,0.5610323617,0.7134845854,280.5161808745,356.74229272
228,1747021.53088967,0.539956616,4639,4655,0.5015860679,0.7458347264,250.7930339539,372.9173631974
229,1747022.08689188,0.3519767949,4656,4666,0.4490672663,0.764086129,224.5336331585,382.0430644773
230,1747022.45490917,0.6399377519,4667,4686,0.499260395,0.7781810869,249.6301975177,389.0905434396
231,1747023.11089478,0.3519511479,4687,4697,0.4473829112,0.799866781,223.6914555995,399.9333904811
232,1747023.66684657,0.4680522431,4703,4717,0.3832288612,0.7947367724,191.6144306196,397.3683862194
233,1747024.15482495,0.3160539079,4718,4727,0.3352546695,0.7988122081,167.6273347481,399.4061040515
234,1747024.52284384,0.908047305,4729,4756,0.6739999455,0.7499138823,336.9999727356,374.9569411611
235,1747025.44692447,1.4119285741,4757,4799,0.6080228551,0.7516865504,304.011427554,375.843275186
236,1747026.87496828,0.5719045189,4800,4817,0.5765897946,0.7650697334,288.2948972963,382.5348667109
237,1747027.69892921,0.503962433,4825,4840,0.4551625612,0.780681328,227.5812806229,390.3406640176
238,1747028.43891413,0.367981337,4847,4858,0.4355515775,0.7945941071,217.7757887347,397.2970535661
239,1747028.82289836,0.823949605,4858,4883,0.3936968937,0.8011102657,196.8484468615,400.5551328726
240,1747029.66291901,0.2519360702,4884,4891,0.3988649635,0.8027286475,199.4324817415,401.3643237637
241,1747029.93091108,0.6560212402,4892,4911,0.3476913989,0.8022948217,173.845699453,401.1474108595
242,1747030.65494443,0.45190081,4913,4927,0.680447956,0.7708389854,340.2239779994,385.4194926831
243,1747031.12692102,0.6880101149,4928,4948,0.6885419293,0.8083573648,344.2709646382,404.1786824062
244,1747031.83087576,0.5039664621,4949,4964,0.6321704606,0.8042179255,316.085230301,402.1089627654
245,1747032.35091142,0.267990408,4965,4973,0.5635225258,0.8025593553,281.7612629015,401.2796776404
246,1747032.63884843,0.888045752,4973,5000,0.501137665,0.8000477546,250.5688325038,400.0238772845
247,1747033.54284767,0.3880005411,5000,5012,0.5539962189,0.8150400442,276.9981094315,407.5200221132
248,1747033.98292578,0.5879415451,5014,5031,0.4833817589,0.7959631993,241.6908794267,397.981599658
249,1747034.61889344,0.53998881,5033,5049,0.3855591177,0.8663469444,192.7795588651,433.1734721999
250,1747036.0468919,0.3519699711,5076,5086,0.2840033173,0.7697542116,142.0016586397,384.8771057883
251,1747036.85489224,0.5880165689,5100,5118,0.6741375897,0.7314903098,337.0687948611,365.7451549222
252,1747038.53492669,0.2999998638,5151,5160,0.531934567,0.8488820831,265.9672834763,424.4410415541
253,1747039.32284868,0.2520347789,5174,5182,0.571316156,0.7938210295,285.6580779837,396.9105147367
254,1747039.6949655,0.5518823799,5185,5202,0.5144086806,0.7379975389,257.204340302,368.9987694562
255,1747040.26292359,0.639999063,5203,5222,0.5230843627,0.8259503109,261.5421813252,412.9751554636
256,1747041.13889654,0.3520235741,5229,5239,0.4568540579,0.7914224658,228.4270289256,395.7112328851
257,1747041.50692085,0.55596473,5240,5257,0.422631973,0.8098566316,211.3159864866,404.9283158111
258,1747042.11085728,0.3880319039,5258,5270,0.3515897737,0.7915256548,175.7948868515,395.7628274075
259,1747042.55085514,0.4360697481,5271,5284,0.6883311675,0.7547749411,344.165583735,377.3874705284
260,1747043.23883472,0.368004695,5292,5303,0.3407168149,0.7734044055,170.3584074646,386.702202758
261,1747043.84285443,0.3360218129,5310,5320,0.686805411,0.7315584258,343.4027055201,365.7792129075
262,1747044.19490762,0.304004784,5321,5330,0.636066496,0.698051474,318.0332480058,349.0257369826
263,1747044.76683779,0.368007632,5338,5349,0.547165737,0.754671327,273.5828685165,377.3356634903
264,1747045.15495283,0.567942698,5350,5367,0.5740244428,0.77956577,287.0122213862,389.7828850226
265,1747045.74290856,0.60397198,5367,5386,0.5415001441,0.796861732,270.7500720692,398.4308660246
266,1747046.3790102,1.211868827,5387,5423,0.6327049473,0.7582268853,316.3524736531,379.1134426699
267,1747048.09485118,0.2840566321,5438,5447,0.5768933366,0.8404345513,288.446668297,420.2172756694
268,1747048.43084984,0.300019416,5448,5457,0.524106069,0.8158341741,262.0530344813,407.9170870426
269,1747048.74700843,0.4879211241,5458,5472,0.4968869279,0.8277392348,248.4434639302,413.8696173861
270,1747049.45484763,0.3359978329,5479,5489,0.3812658341,0.9094906584,190.6329170376,454.7453292035
271,1747050.22687015,0.352043675,5502,5513,0.6762905024,0.7816125103,338.145251221,390.8062551267
272,1747050.59484742,0.28804335,5513,5522,0.6213441513,0.7955383227,310.6720756409,397.769161355
273,1747050.89894696,0.387896036,5523,5534,0.5584066526,0.8007347999,279.2033262998,400.3673999476
274,1747051.30290622,0.53597969,5535,5551,0.4917858016,0.8105396265,245.8929007924,405.2698132693
275,1747051.87488799,0.7039544801,5552,5573,0.378678583,0.8145124603,189.3392914778,407.2562301688
276,1747052.59493042,0.6239380629,5574,5592,0.3430917471,0.82788612,171.5458735563,413.9430600067
277,1747053.23490534,0.5720213929,5593,5610,0.3034408361,0.8201104882,151.7204180588,410.055244118
278,1747054.0909153,0.8719944309,5619,5645,0.6873030092,0.7808269938,343.6515045971,390.4134968799
279,1747054.98284921,1.6280148539,5645,5694,0.6541316565,0.8234572827,327.0658282403,411.7286413602
280,1747056.62690147,0.5880253369,5695,5713,0.6054817859,0.8191603807,302.7408929707,409.5801903261
281,1747057.23091793,0.288026449,5713,5722,0.5589153315,0.8146666444,279.4576657681,407.3333221753
282,1747057.53484323,0.5040444972,5722,5737,0.5028765694,0.8200434111,251.4382846773,410.0217055743
283,1747058.05490037,0.2679946541,5738,5746,0.4098521497,0.7763047307,204.9260748437,388.1523653659
284,1747058.34292723,0.335995039,5746,5757,0.3812609777,0.8083745448,190.6304888734,404.187272422
285,1747059.51890511,0.251958552,5782,5789,0.6772705038,0.7869369617,338.6352519203,393.4684808432
286,1747059.78691315,0.2999875851,5790,5799,0.6962229409,0.7268464043,348.1114704416,363.423202138
287,1747060.3389381,0.2719804721,5806,5815,0.6807371968,0.7859157066,340.3685984158,392.9578533045
288,1747060.62685867,1.5960022421,5815,5863,0.664431114,0.7763436872,332.2155570123,388.1718435998
289,1747062.23895318,0.6199055151,5864,5882,0.6034254709,0.7610665736,301.7127354604,380.5332868237
290,1747063.1109011,0.539944353,5890,5906,0.5816749913,0.7951444617,290.8374956536,397.5722308516
291,1747063.66691943,0.4719800162,5907,5921,0.580600318,0.7768944497,290.3001589885,388.4472248644
292,1747064.15484918,0.488045732,5921,5936,0.5790238088,0.7829266389,289.5119044151,391.4633194413
293,1747064.65890161,0.6719882931,5936,5957,0.550029235,0.8226011651,275.0146174999,411.3005825361
294,1747065.65085083,0.2840272191,5966,5975,0.4256635809,0.7906201661,212.8317904668,395.310083055
295,1747065.95084958,0.420053259,5975,5988,0.4373874455,0.7989503517,218.693722754,399.4751758684
296,1747066.38693013,0.6239228852,5988,6007,0.4054674266,0.8380506713,202.7337132853,419.0253356617
297,1747067.02689034,0.3040221739,6008,6017,0.3813705784,0.8206332652,190.6852891831,410.3166326025
298,1747067.34684434,0.520058214,6017,6033,0.325973231,0.8345180591,162.9866155119,417.2590295614
299,1747067.88292257,0.5719673699,6033,6051,0.2896375903,0.8226956449,144.8187951746,411.3478224254
300,1747068.75889772,0.3000210549,6060,6069,0.6641714142,0.7529377629,332.0857070966,376.468881441
301,1747069.07487314,0.6559620642,6069,6089,0.7001706593,0.795487745,350.085329655,397.7438724997
302,1747069.74692708,0.5559224309,6090,6106,0.645317821,0.791222337,322.6589105066,395.6111685197
303,1747070.31900669,0.4359217968,6107,6120,0.6421327097,0.7719064368,321.0663548566,385.9532184097
304,1747070.94290723,0.435986754,6125,6139,0.5951454078,0.8274167298,297.5727039181,413.7083649039
305,1747071.39483433,0.956056298,6139,6168,0.6052175052,0.8040478939,302.6087525776,402.0239469271
306,1747072.37092341,0.400008196,6168,6180,0.5581655084,0.8085284409,279.0827542099,404.2642204621
307,1747072.93890414,0.472012687,6186,6200,0.4855306069,0.8147614625,242.7653034615,407.3807312636
308,1747073.42685351,1.7480479889,6200,6253,0.4594807159,0.8216556154,229.7403579353,410.8278077135
309,1747075.1908676,0.5400262189,6253,6270,0.409703031,0.8193711513,204.8515154792,409.6855756591
310,1747075.74688237,0.4520404069,6270,6284,0.3380688757,0.8190105004,169.0344378612,409.5052502027
311,1747076.60290942,0.436002221,6296,6309,0.6874691943,0.7790587213,343.7345971355,389.5293606556
312,1747077.39089981,0.7239446931,6319,6341,0.6509531043,0.777536992,325.4765521535,388.7684960096
313,1747078.13091132,0.3199634219,6342,6351,0.5898105402,0.7725784503,294.9052700988,386.2892251517
314,1747078.46690724,0.303985731,6352,6361,0.5417806188,0.7651576025,270.8903094106,382.5788012572
315,1747079.02291689,1.476024722,6369,6413,0.3951923816,0.7683632665,197.5961908027,384.1816332389
316,1747080.51891864,0.3519369231,6414,6424,0.3719777696,0.758822387,185.9888847998,379.4111935047
317,1747081.25497741,0.336000653,6436,6446,0.316721888,0.7290001873,158.360944,364.5000936485
318,1747082.09494832,0.371911362,6461,6472,0.2578411327,0.8279721835,128.9205663712,413.9860917362
319,1747082.88687936,0.2839877801,6485,6493,0.6843296562,0.8076086371,342.1648280841,403.8043185439
320,1747083.18694948,0.6919762881,6494,6515,0.6460041722,0.7259802433,323.002086076,362.990121672
321,1747084.43085301,0.268005894,6531,6539,0.6009876263,0.6985873393,300.4938131662,349.2936696499
322,1747085.67492097,0.5039652488,6569,6584,0.415937351,0.7441372355,207.9686754834,372.0686177673
323,1747086.27888807,0.588037842,6587,6605,0.3305337583,0.7295098255,165.2668791681,364.7549127617
324,1747086.88290275,0.335931537,6605,6615,0.2885588944,0.7420723807,144.2794471966,371.0361903669
325,1747087.23889441,0.4519555629,6616,6629,0.338496413,0.7407455478,169.2482064972,370.3727739181
326,1747087.7069079,1.5959966632,6630,6678,0.2772800988,0.7439184247,138.6400494199,371.9592123397
327,1747089.52291769,0.4680203272,6684,6699,0.6771431643,0.7071797962,338.5715821653,353.589898106
328,1747090.26292955,0.4519398711,6707,6720,0.591835562,0.6881648646,295.9177810041,344.0824323035
329,1747090.96689655,0.35203362,6728,6738,0.5723640112,0.6901216741,286.1820055775,345.0608370304
330,1747091.5708422,0.4720168221,6746,6760,0.5888112107,0.6894958643,294.4056053397,344.7479321335
331,1747092.05891247,0.3679997891,6761,6772,0.5433526319,0.6956559408,271.6763159442,347.8279703894
332,1747092.44690427,0.9559471479,6772,6801,0.4979904245,0.7070230184,248.9952122511,353.5115091832
333,1747093.41889307,0.855966357,6802,6827,0.4541335457,0.7045066532,227.066772832,352.2533265912
334,1747094.51093522,0.2679879621,6834,6843,0.4543521979,0.6903977491,227.176098939,345.1988745312
335,1747094.79885497,0.4520320201,6843,6857,0.4187027346,0.6525465297,209.3513673046,326.2732648499
336,1747095.26685008,0.5560224538,6857,6874,0.376404456,0.6679222365,188.2022280076,333.9611182574
337,1747095.83892701,0.6879158171,6874,6895,0.4144402278,0.6774479216,207.2201139158,338.7239607876
338,1747096.79484802,0.320051491,6903,6913,0.3416019974,0.6643341171,170.8009986785,332.1670585496
339,1747097.13086873,0.7919735201,6913,6937,0.285773238,0.6877523181,142.8866190187,343.8761590735
340,1747097.99085944,0.467984943,6939,6953,0.6646761451,0.6466088377,332.3380725725,323.3044188448
341,1747099.25084552,0.7360026049,6977,6999,0.6117118043,0.6471271497,305.8559021516,323.5635748653
342,1747100.00688156,0.5880383661,7000,7018,0.5613066275,0.6481997826,280.653313774,324.0998912957
343,1747100.61089247,0.3199948838,7018,7028,0.4948878611,0.6402796014,247.4439305525,320.1398007202
344,1747101.23091081,0.487957635,7037,7051,0.3737466177,0.6349191942,186.8733088257,317.4595971166
345,1747102.19089313,0.3680213098,7066,7077,0.3289555816,0.6079636289,164.4777908141,303.9818144544
346,1747104.33884463,0.908013578,7130,7157,0.4521043693,0.5857261058,226.0521846329,292.8630529211
347,1747105.26290939,0.3519857512,7158,7169,0.4107331298,0.5996905867,205.3665649241,299.8452933736
348,1747105.63484451,0.6720199941,7169,7189,0.3733485581,0.5789423932,186.6742790622,289.4711965928
349,1747106.32288564,0.468015936,7190,7204,0.3159257304,0.5842351952,157.9628651986,292.1175976087
350,1747107.54691485,0.2719811541,7227,7235,0.2788975943,0.5963784825,139.448797144,298.1892412696
351,1747107.90286694,0.4520222461,7237,7251,0.6867758784,0.5226781611,343.3879391992,261.3390805447
352,1747108.37098156,0.38788236,7251,7263,0.6529330637,0.5317797423,326.4665318655,265.8898711589
353,1747108.77491639,0.3040364331,7264,7273,0.6832588016,0.5360759375,341.6294008189,268.037968768
354,1747109.09486551,0.84001584,7273,7298,0.6407171447,0.5377198721,320.3585723339,268.8599360546
355,1747109.95091446,0.3880372809,7299,7311,0.5982416075,0.5275953139,299.1208037524,263.7976569576
356,1747110.35484476,0.3360085429,7311,7321,0.5568855942,0.5383912057,278.442797098,269.195602838
357,1747110.72284833,1.4640117951,7322,7366,0.4753629311,0.548130168,237.6814655644,274.0650840093
358,1747112.20291585,1.427976338,7367,7410,0.4391273305,0.5487801101,219.5636652536,274.3900550311
359,1747113.64683538,0.404056181,7410,7422,0.4054715132,0.5338043727,202.7357565764,266.9021863365
360,1747114.06690883,0.3880206,7422,7434,0.3679266558,0.5213199066,183.9633279187,260.6599533231
361,1747114.47087714,0.320045793,7435,7445,0.3518500152,0.602315079,175.9250076067,301.1575394815
362,1747114.80684062,0.552079496,7445,7462,0.3124149374,0.5854936364,156.2074686775,292.7468181883
363,1747115.44285494,0.2880507829,7464,7473,0.6684973836,0.5148455663,334.2486917815,257.4227831608
364,1747115.77888231,0.3879931278,7474,7486,0.2877780999,0.5341903982,143.8890499381,267.095199077
365,1747116.48696892,0.5878964919,7496,7513,0.623326809,0.5030138811,311.6634044824,251.506940569
366,1747117.09088883,1.1600120282,7514,7549,0.5664267027,0.5035697031,283.213351338,251.7848515623
367,1747118.26685876,0.639992811,7549,7568,0.5315009651,0.4949571495,265.7504825487,247.4785747741
368,1747118.92286189,0.488033392,7569,7584,0.4613072423,0.4853144081,230.6536211545,242.6572040671
369,1747119.42684497,0.4679885521,7584,7598,0.3860607645,0.4913134186,193.0303822268,245.6567093174
370,1747119.91491932,0.5039688451,7599,7614,0.3539359487,0.5219534214,176.967974335,260.9767107063
371,1747120.61888002,0.420041577,7620,7633,0.324599389,0.5439078127,162.2996944871,271.9539063369
372,1747121.09083899,0.568017113,7634,7651,0.6644174093,0.4428884974,332.2087046545,221.4442486793
373,1747121.71090784,0.756001927,7653,7676,0.5939883358,0.4873705333,296.9941678791,243.6852666634
374,1747122.48289324,0.352003614,7676,7687,0.5790021387,0.4712366512,289.5010693338,235.6183255931
375,1747122.8548546,0.3520518781,7687,7698,0.5359506346,0.4317385744,267.9753173094,215.8692871844
376,1747123.37489382,0.2520329719,7703,7710,0.4797748329,0.4296202321,239.8874164577,214.8101160336
377,1747123.99489849,0.5040185289,7721,7737,0.4951522097,0.4164597837,247.5761048256,208.2298918319
378,1747124.76688866,0.4039917451,7745,7757,0.4243311314,0.4848596767,212.1655657167,242.429838361
379,1747125.18685077,0.3040686261,7757,7766,0.3839388534,0.4665757562,191.9694266939,233.2878781194
380,1747125.50690981,0.555980247,7767,7784,0.3444556855,0.4784769978,172.2278427309,239.2384989218
381,1747126.0788435,0.3680165231,7784,7795,0.342387604,0.495406558,171.1938020058,247.7032789858
382,1747126.46691867,0.2679747359,7796,7804,0.3012270047,0.4393575794,150.613502374,219.6787896901
383,1747126.93491485,0.5719227931,7810,7827,0.6584057052,0.3897862623,329.2028526144,194.8931311385
384,1747127.81086195,0.2520321079,7836,7844,0.6175698242,0.3855002053,308.7849120879,192.7501026565
385,1747128.07884857,0.5200387251,7844,7860,0.631489297,0.4277654062,315.7446484855,213.8827031232
386,1747128.61481952,0.2680498171,7860,7869,0.5263249701,0.3909066297,263.1624850563,195.4533148463
387,1747129.87484915,0.3200289439,7898,7908,0.5122246738,0.3791180695,256.1123368751,189.5590347325
388,1747130.44692319,0.723926387,7916,7937,0.363760979,0.3957600428,181.880489511,197.8800213854
389,1747132.14290094,0.892042387,7967,7993,0.6449146008,0.3503440659,322.4573004235,175.1720329365
390,1747134.3109058,0.4039331609,8032,8044,0.4512205841,0.3511750553,225.610292055,175.5875276463
391,1747134.73083815,0.2680871368,8044,8053,0.4190973194,0.3700751222,209.5486597217,185.0375610961
392,1747135.08284459,0.2520519721,8055,8063,0.3495803045,0.3967555081,174.7901522572,198.3777540337
393,1747135.35084387,0.5400505511,8063,8079,0.3032669423,0.3770589537,151.6334711305,188.5294768285
394,1747135.90691338,0.3199442441,8080,8089,0.2661896671,0.3836627997,133.0948335554,191.8313998401
395,1747136.24289092,0.3679990119,8090,8101,0.3035820803,0.3643611179,151.7910401601,182.1805589302
396,1747136.63092256,0.4839340621,8102,8116,0.2727387471,0.354487029,136.3693735465,177.2435145152
397,1747137.70288154,0.288021998,8134,8143,0.2595035218,0.3611580897,129.7517608868,180.5790448615
398,1747138.05889244,0.483945078,8145,8159,0.65163658,0.3134677525,325.8182899831,156.7338762536
399,1747138.56290993,0.4000181102,8160,8172,0.6223993992,0.3183082894,311.1996995922,159.1541446962
400,1747138.9828666,0.468037195,8172,8186,0.5646916666,0.3453790328,282.3458332969,172.6895164037
401,1747139.6549244,0.2839147039,8193,8201,0.5951388405,0.3190464093,297.5694202685,159.5232046552
402,1747140.72682275,0.672087166,8225,8245,0.7921026141,0.8492400418,396.0513070376,424.6200208999
403,1747141.41890513,0.2839466762,8246,8254,0.7917630127,0.7388114017,395.8815063293,369.4057008514
404,1747142.10686351,0.252014776,8266,8274,0.724065989,0.5959499363,362.0329945191,297.9749681282
